,Date,Termijn,Spreker,Rol,Indegree,Aantal_interrupts,Interruptors,Interruptie_volgorde,OnderwerpDebat,URL
1,20122013-10-15,1,recourt,De heer,3,8,"Counter({'van raak': 3, 'pechtold': 3, 'van ojik': 2})","['van raak', 'van raak', 'van raak', 'pechtold', 'pechtold', 'pechtold', 'van ojik', 'van ojik']",Begroting Algemene Zaken en begroting van de Koning,https://zoek.officielebekendmakingen.nl/h-tk-20122013-10-15.html
2,20122013-10-15,1,van der burg,De heer,2,6,"Counter({'pechtold': 4, 'thieme': 2})","['thieme', 'thieme', 'pechtold', 'pechtold', 'pechtold', 'pechtold']",Begroting Algemene Zaken en begroting van de Koning,https://zoek.officielebekendmakingen.nl/h-tk-20122013-10-15.html
3,20122013-10-15,1,bosma,De heer,0,0,Counter(),[],Begroting Algemene Zaken en begroting van de Koning,https://zoek.officielebekendmakingen.nl/h-tk-20122013-10-15.html
4,20122013-10-15,1,van toorenburg,De heer,2,5,"Counter({'pechtold': 3, 'bosma': 2})","['pechtold', 'pechtold', 'pechtold', 'bosma', 'bosma']",Begroting Algemene Zaken en begroting van de Koning,https://zoek.officielebekendmakingen.nl/h-tk-20122013-10-15.html
5,20122013-10-15,1,van raak,De heer,2,6,"Counter({'recourt': 3, 'van der burg': 3})","['recourt', 'van der burg', 'van der burg', 'van der burg', 'recourt', 'recourt']",Begroting Algemene Zaken en begroting van de Koning,https://zoek.officielebekendmakingen.nl/h-tk-20122013-10-15.html
6,20122013-10-15,1,pechtold,De heer,0,0,Counter(),[],Begroting Algemene Zaken en begroting van de Koning,https://zoek.officielebekendmakingen.nl/h-tk-20122013-10-15.html
7,20122013-10-15,1,van ojik,De heer,0,0,Counter(),[],Begroting Algemene Zaken en begroting van de Koning,https://zoek.officielebekendmakingen.nl/h-tk-20122013-10-15.html
8,20122013-10-15,1,van der staaij,De heer,1,2,Counter({'pechtold': 2}),"['pechtold', 'pechtold']",Begroting Algemene Zaken en begroting van de Koning,https://zoek.officielebekendmakingen.nl/h-tk-20122013-10-15.html
9,20122013-10-16,1,segers,De heer,0,0,Counter(),[],"Openbare lichamen Bonaire, Sint Eustatius en Saba",https://zoek.officielebekendmakingen.nl/h-tk-20122013-10-16.html
10,20122013-10-16,1,hachchi,De heer,0,0,Counter(),[],"Openbare lichamen Bonaire, Sint Eustatius en Saba",https://zoek.officielebekendmakingen.nl/h-tk-20122013-10-16.html
11,20122013-10-16,1,van oosten,De heer,0,0,Counter(),[],"Openbare lichamen Bonaire, Sint Eustatius en Saba",https://zoek.officielebekendmakingen.nl/h-tk-20122013-10-16.html
12,20122013-10-16,1,fritsma,De heer,0,0,Counter(),[],"Openbare lichamen Bonaire, Sint Eustatius en Saba",https://zoek.officielebekendmakingen.nl/h-tk-20122013-10-16.html
13,20122013-10-16,1,heijnen,De heer,0,0,Counter(),[],"Openbare lichamen Bonaire, Sint Eustatius en Saba",https://zoek.officielebekendmakingen.nl/h-tk-20122013-10-16.html
14,20122013-10-16,1,van toorenburg,De heer,0,0,Counter(),[],"Openbare lichamen Bonaire, Sint Eustatius en Saba",https://zoek.officielebekendmakingen.nl/h-tk-20122013-10-16.html
15,20122013-10-16,1,van raak,De heer,1,3,Counter({'heijnen': 3}),"['heijnen', 'heijnen', 'heijnen']","Openbare lichamen Bonaire, Sint Eustatius en Saba",https://zoek.officielebekendmakingen.nl/h-tk-20122013-10-16.html
16,20122013-10-16,1,spies,De heer,5,23,"Counter({'segers': 8, 'hachchi': 6, 'van raak': 5, 'van oosten': 2, 'heijnen': 2})","['van raak', 'van raak', 'segers', 'segers', 'hachchi', 'hachchi', 'segers', 'segers', 'segers', 'hachchi', 'hachchi', 'hachchi', 'van raak', 'van raak', 'van raak', 'van oosten', 'van oosten', 'heijnen', 'heijnen', 'hachchi', 'segers', 'segers', 'segers']","Openbare lichamen Bonaire, Sint Eustatius en Saba",https://zoek.officielebekendmakingen.nl/h-tk-20122013-10-16.html
17,20122013-10-16,2,segers,De heer,0,0,Counter(),[],"Openbare lichamen Bonaire, Sint Eustatius en Saba",https://zoek.officielebekendmakingen.nl/h-tk-20122013-10-16.html
18,20122013-10-16,2,hachchi,De heer,0,0,Counter(),[],"Openbare lichamen Bonaire, Sint Eustatius en Saba",https://zoek.officielebekendmakingen.nl/h-tk-20122013-10-16.html
19,20122013-10-16,2,hachchi,De heer,0,0,Counter(),[],"Openbare lichamen Bonaire, Sint Eustatius en Saba",https://zoek.officielebekendmakingen.nl/h-tk-20122013-10-16.html
20,20122013-10-16,2,van oosten,De heer,1,1,Counter({'hachchi': 1}),['hachchi'],"Openbare lichamen Bonaire, Sint Eustatius en Saba",https://zoek.officielebekendmakingen.nl/h-tk-20122013-10-16.html
21,20122013-10-16,2,van raak,De heer,0,0,Counter(),[],"Openbare lichamen Bonaire, Sint Eustatius en Saba",https://zoek.officielebekendmakingen.nl/h-tk-20122013-10-16.html
22,20122013-10-2,1,marcouch,De heer,0,0,Counter(),[],Vragenuur,https://zoek.officielebekendmakingen.nl/h-tk-20122013-10-2.html
23,20122013-10-3,1,bruins slot,Mevrouw,0,0,Counter(),[],Vragenuur,https://zoek.officielebekendmakingen.nl/h-tk-20122013-10-3.html
24,20122013-10-4,1,van tongeren,Mevrouw,0,0,Counter(),[],Vragenuur,https://zoek.officielebekendmakingen.nl/h-tk-20122013-10-4.html
25,20122013-10-5,1,paulus jansen,De heer,0,0,Counter(),[],Vragenuur,https://zoek.officielebekendmakingen.nl/h-tk-20122013-10-5.html
26,20122013-10-6,1,voordewind,De heer,0,0,Counter(),[],Vragenuur,https://zoek.officielebekendmakingen.nl/h-tk-20122013-10-6.html
27,20122013-100-3,1,wilders,De heer,0,0,Counter(),[],Aanbevelingen Europese Commissie extra bezuinigingen,https://zoek.officielebekendmakingen.nl/h-tk-20122013-100-3.html
28,20122013-100-3,1,roemer,De heer,0,0,Counter(),[],Aanbevelingen Europese Commissie extra bezuinigingen,https://zoek.officielebekendmakingen.nl/h-tk-20122013-100-3.html
29,20122013-100-3,1,pechtold,De heer,0,0,Counter(),[],Aanbevelingen Europese Commissie extra bezuinigingen,https://zoek.officielebekendmakingen.nl/h-tk-20122013-100-3.html
30,20122013-100-3,1,van haersma buma,De heer,1,3,Counter({'wilders': 3}),"['wilders', 'wilders', 'wilders']",Aanbevelingen Europese Commissie extra bezuinigingen,https://zoek.officielebekendmakingen.nl/h-tk-20122013-100-3.html
31,20122013-100-3,1,thieme,De heer,0,0,Counter(),[],Aanbevelingen Europese Commissie extra bezuinigingen,https://zoek.officielebekendmakingen.nl/h-tk-20122013-100-3.html
32,20122013-100-3,1,slob,De heer,1,2,Counter({'pechtold': 2}),"['pechtold', 'pechtold']",Aanbevelingen Europese Commissie extra bezuinigingen,https://zoek.officielebekendmakingen.nl/h-tk-20122013-100-3.html
33,20122013-100-3,1,samsom,De heer,7,53,"Counter({'roemer': 13, 'pechtold': 12, 'van haersma buma': 10, 'van ojik': 6, 'slob': 5, 'wilders': 4, 'van der staaij': 3})","['pechtold', 'pechtold', 'pechtold', 'van haersma buma', 'van haersma buma', 'van haersma buma', 'van haersma buma', 'van ojik', 'van ojik', 'van ojik', 'roemer', 'roemer', 'roemer', 'roemer', 'slob', 'slob', 'slob', 'van haersma buma', 'van haersma buma', 'van haersma buma', 'van der staaij', 'van der staaij', 'van der staaij', 'roemer', 'roemer', 'roemer', 'pechtold', 'pechtold', 'pechtold', 'pechtold', 'pechtold', 'pechtold', 'van ojik', 'van ojik', 'van ojik', 'slob', 'slob', 'van haersma buma', 'van haersma buma', 'van haersma buma', 'pechtold', 'pechtold', 'pechtold', 'roemer', 'roemer', 'roemer', 'roemer', 'roemer', 'roemer', 'wilders', 'wilders', 'wilders', 'wilders']",Aanbevelingen Europese Commissie extra bezuinigingen,https://zoek.officielebekendmakingen.nl/h-tk-20122013-100-3.html
34,20122013-100-3,1,van ojik,De heer,1,2,Counter({'slob': 2}),"['slob', 'slob']",Aanbevelingen Europese Commissie extra bezuinigingen,https://zoek.officielebekendmakingen.nl/h-tk-20122013-100-3.html
35,20122013-100-3,1,slob,De heer,2,3,"Counter({'van ojik': 2, 'roemer': 1})","['van ojik', 'roemer', 'van ojik']",Aanbevelingen Europese Commissie extra bezuinigingen,https://zoek.officielebekendmakingen.nl/h-tk-20122013-100-3.html
36,20122013-100-3,1,van der staaij,De heer,0,0,Counter(),[],Aanbevelingen Europese Commissie extra bezuinigingen,https://zoek.officielebekendmakingen.nl/h-tk-20122013-100-3.html
37,20122013-100-3,1,zijlstra,De heer,6,47,"Counter({'pechtold': 16, 'roemer': 12, 'van haersma buma': 8, 'van ojik': 6, 'slob': 3, 'wilders': 2})","['van haersma buma', 'van haersma buma', 'van haersma buma', 'van haersma buma', 'pechtold', 'pechtold', 'pechtold', 'pechtold', 'pechtold', 'pechtold', 'van ojik', 'van ojik', 'van ojik', 'roemer', 'roemer', 'roemer', 'roemer', 'roemer', 'roemer', 'roemer', 'van haersma buma', 'van haersma buma', 'wilders', 'pechtold', 'pechtold', 'wilders', 'slob', 'slob', 'slob', 'pechtold', 'pechtold', 'pechtold', 'pechtold', 'van ojik', 'van ojik', 'van ojik', 'pechtold', 'pechtold', 'pechtold', 'pechtold', 'roemer', 'roemer', 'roemer', 'roemer', 'roemer', 'van haersma buma', 'van haersma buma']",Aanbevelingen Europese Commissie extra bezuinigingen,https://zoek.officielebekendmakingen.nl/h-tk-20122013-100-3.html
38,20122013-100-6,1,rutte,Minister,7,42,"Counter({'pechtold': 15, 'roemer': 8, 'van haersma buma': 7, 'van ojik': 6, 'slob': 3, 'van der staaij': 2, 'krol': 1})","['roemer', 'pechtold', 'pechtold', 'pechtold', 'pechtold', 'pechtold', 'pechtold', 'van der staaij', 'van der staaij', 'slob', 'slob', 'slob', 'van ojik', 'van ojik', 'van ojik', 'roemer', 'roemer', 'roemer', 'roemer', 'van haersma buma', 'van haersma buma', 'van haersma buma', 'van haersma buma', 'van haersma buma', 'krol', 'roemer', 'roemer', 'roemer', 'pechtold', 'pechtold', 'pechtold', 'van ojik', 'van ojik', 'van ojik', 'pechtold', 'pechtold', 'pechtold', 'pechtold', 'pechtold', 'pechtold', 'van haersma buma', 'van haersma buma']",Aanbevelingen Europese Commissie bezuinigingen,https://zoek.officielebekendmakingen.nl/h-tk-20122013-100-6.html
39,20122013-100-6,1,wilders,Minister,0,0,Counter(),[],Aanbevelingen Europese Commissie bezuinigingen,https://zoek.officielebekendmakingen.nl/h-tk-20122013-100-6.html
40,20122013-100-6,1,roemer,Minister,0,0,Counter(),[],Aanbevelingen Europese Commissie bezuinigingen,https://zoek.officielebekendmakingen.nl/h-tk-20122013-100-6.html
41,20122013-100-6,1,pechtold,Minister,0,0,Counter(),[],Aanbevelingen Europese Commissie bezuinigingen,https://zoek.officielebekendmakingen.nl/h-tk-20122013-100-6.html
42,20122013-100-6,1,van haersma buma,Minister,2,3,"Counter({'slob': 2, 'krol': 1})","['slob', 'slob', 'krol']",Aanbevelingen Europese Commissie bezuinigingen,https://zoek.officielebekendmakingen.nl/h-tk-20122013-100-6.html
43,20122013-100-6,1,thieme,Minister,0,0,Counter(),[],Aanbevelingen Europese Commissie bezuinigingen,https://zoek.officielebekendmakingen.nl/h-tk-20122013-100-6.html
44,20122013-100-6,1,slob,Minister,2,4,"Counter({'pechtold': 3, 'van ojik': 1})","['pechtold', 'pechtold', 'pechtold', 'van ojik']",Aanbevelingen Europese Commissie bezuinigingen,https://zoek.officielebekendmakingen.nl/h-tk-20122013-100-6.html
45,20122013-100-6,1,samsom,Minister,4,12,"Counter({'pechtold': 4, 'van haersma buma': 4, 'thieme': 3, 'rutte': 1})","['pechtold', 'pechtold', 'rutte', 'pechtold', 'pechtold', 'van haersma buma', 'van haersma buma', 'van haersma buma', 'van haersma buma', 'thieme', 'thieme', 'thieme']",Aanbevelingen Europese Commissie bezuinigingen,https://zoek.officielebekendmakingen.nl/h-tk-20122013-100-6.html
46,20122013-100-6,1,van ojik,Minister,0,0,Counter(),[],Aanbevelingen Europese Commissie bezuinigingen,https://zoek.officielebekendmakingen.nl/h-tk-20122013-100-6.html
47,20122013-100-6,1,van der staaij,Minister,0,0,Counter(),[],Aanbevelingen Europese Commissie bezuinigingen,https://zoek.officielebekendmakingen.nl/h-tk-20122013-100-6.html
48,20122013-100-6,1,zijlstra,Minister,2,2,"Counter({'pechtold': 1, 'roemer': 1})","['pechtold', 'roemer']",Aanbevelingen Europese Commissie bezuinigingen,https://zoek.officielebekendmakingen.nl/h-tk-20122013-100-6.html
49,20122013-100-6,1,krol,Minister,0,0,Counter(),[],Aanbevelingen Europese Commissie bezuinigingen,https://zoek.officielebekendmakingen.nl/h-tk-20122013-100-6.html
50,20122013-100-6,1,van haersma buma,Minister,0,0,Counter(),[],Aanbevelingen Europese Commissie bezuinigingen,https://zoek.officielebekendmakingen.nl/h-tk-20122013-100-6.html
51,20122013-100-6,2,rutte,Minister,3,8,"Counter({'thieme': 3, 'roemer': 3, 'pechtold': 2})","['pechtold', 'pechtold', 'thieme', 'thieme', 'thieme', 'roemer', 'roemer', 'roemer']",Aanbevelingen Europese Commissie bezuinigingen,https://zoek.officielebekendmakingen.nl/h-tk-20122013-100-6.html
52,20122013-100-7,1,van bommel,De heer,0,0,Counter(),[],Agenda Europese top,https://zoek.officielebekendmakingen.nl/h-tk-20122013-100-7.html
53,20122013-100-7,1,klaver,De heer,0,0,Counter(),[],Agenda Europese top,https://zoek.officielebekendmakingen.nl/h-tk-20122013-100-7.html
54,20122013-100-7,1,schouten,De heer,0,0,Counter(),[],Agenda Europese top,https://zoek.officielebekendmakingen.nl/h-tk-20122013-100-7.html
55,20122013-100-7,1,verheijen,De heer,5,15,"Counter({'klaver': 4, 'madlener': 4, 'pechtold': 3, 'van haersma buma': 2, 'schouten': 2})","['klaver', 'klaver', 'pechtold', 'pechtold', 'pechtold', 'van haersma buma', 'van haersma buma', 'klaver', 'klaver', 'madlener', 'madlener', 'schouten', 'schouten', 'madlener', 'madlener']",Agenda Europese top,https://zoek.officielebekendmakingen.nl/h-tk-20122013-100-7.html
56,20122013-100-7,1,pechtold,De heer,1,2,Counter({'verheijen': 2}),"['verheijen', 'verheijen']",Agenda Europese top,https://zoek.officielebekendmakingen.nl/h-tk-20122013-100-7.html
57,20122013-100-7,1,bisschop,De heer,1,2,Counter({'pechtold': 2}),"['pechtold', 'pechtold']",Agenda Europese top,https://zoek.officielebekendmakingen.nl/h-tk-20122013-100-7.html
58,20122013-100-7,1,madlener,De heer,0,0,Counter(),[],Agenda Europese top,https://zoek.officielebekendmakingen.nl/h-tk-20122013-100-7.html
59,20122013-100-7,1,servaes,De heer,2,7,"Counter({'madlener': 5, 'verheijen': 2})","['madlener', 'madlener', 'madlener', 'verheijen', 'verheijen', 'madlener', 'madlener']",Agenda Europese top,https://zoek.officielebekendmakingen.nl/h-tk-20122013-100-7.html
60,20122013-100-7,1,van haersma buma,De heer,1,2,Counter({'verheijen': 2}),"['verheijen', 'verheijen']",Agenda Europese top,https://zoek.officielebekendmakingen.nl/h-tk-20122013-100-7.html
61,20122013-100-7,1,rutte,De heer,5,18,"Counter({'madlener': 7, 'servaes': 5, 'van haersma buma': 3, 'van bommel': 2, 'verheijen': 1})","['servaes', 'verheijen', 'van bommel', 'van bommel', 'madlener', 'madlener', 'servaes', 'servaes', 'madlener', 'madlener', 'van haersma buma', 'madlener', 'madlener', 'van haersma buma', 'van haersma buma', 'servaes', 'servaes', 'madlener']",Agenda Europese top,https://zoek.officielebekendmakingen.nl/h-tk-20122013-100-7.html
62,20122013-100-7,1,timmermans,De heer,6,22,"Counter({'madlener': 6, 'van haersma buma': 4, 'bisschop': 4, 'verheijen': 3, 'servaes': 3, 'pechtold': 2})","['madlener', 'madlener', 'madlener', 'madlener', 'madlener', 'madlener', 'van haersma buma', 'van haersma buma', 'van haersma buma', 'bisschop', 'bisschop', 'bisschop', 'bisschop', 'pechtold', 'pechtold', 'verheijen', 'verheijen', 'verheijen', 'van haersma buma', 'servaes', 'servaes', 'servaes']",Agenda Europese top,https://zoek.officielebekendmakingen.nl/h-tk-20122013-100-7.html
63,20122013-100-7,2,van bommel,De heer,1,1,Counter({'van haersma buma': 1}),['van haersma buma'],Agenda Europese top,https://zoek.officielebekendmakingen.nl/h-tk-20122013-100-7.html
64,20122013-100-7,2,segers,De heer,0,0,Counter(),[],Agenda Europese top,https://zoek.officielebekendmakingen.nl/h-tk-20122013-100-7.html
65,20122013-100-7,2,verheijen,De heer,0,0,Counter(),[],Agenda Europese top,https://zoek.officielebekendmakingen.nl/h-tk-20122013-100-7.html
66,20122013-100-7,2,bisschop,De heer,0,0,Counter(),[],Agenda Europese top,https://zoek.officielebekendmakingen.nl/h-tk-20122013-100-7.html
67,20122013-100-7,2,madlener,De heer,1,1,Counter({'pechtold': 1}),['pechtold'],Agenda Europese top,https://zoek.officielebekendmakingen.nl/h-tk-20122013-100-7.html
68,20122013-100-7,2,servaes,De heer,0,0,Counter(),[],Agenda Europese top,https://zoek.officielebekendmakingen.nl/h-tk-20122013-100-7.html
69,20122013-100-7,2,van haersma buma,De heer,0,0,Counter(),[],Agenda Europese top,https://zoek.officielebekendmakingen.nl/h-tk-20122013-100-7.html
70,20122013-101-11,1,ulenbelt,De heer,1,2,Counter({'litjens': 2}),"['litjens', 'litjens']",Initiatiefvoorstel Huis voor klokkenluiders,https://zoek.officielebekendmakingen.nl/h-tk-20122013-101-11.html
71,20122013-101-11,1,van toorenburg,De heer,1,2,Counter({'ulenbelt': 2}),"['ulenbelt', 'ulenbelt']",Initiatiefvoorstel Huis voor klokkenluiders,https://zoek.officielebekendmakingen.nl/h-tk-20122013-101-11.html
72,20122013-101-11,1,bisschop,De heer,1,3,Counter({'thieme': 3}),"['thieme', 'thieme', 'thieme']",Initiatiefvoorstel Huis voor klokkenluiders,https://zoek.officielebekendmakingen.nl/h-tk-20122013-101-11.html
73,20122013-101-11,1,berndsen-jansen,De heer,0,0,Counter(),[],Initiatiefvoorstel Huis voor klokkenluiders,https://zoek.officielebekendmakingen.nl/h-tk-20122013-101-11.html
74,20122013-101-11,1,thieme,De heer,0,0,Counter(),[],Initiatiefvoorstel Huis voor klokkenluiders,https://zoek.officielebekendmakingen.nl/h-tk-20122013-101-11.html
75,20122013-101-11,1,bosma,De heer,0,0,Counter(),[],Initiatiefvoorstel Huis voor klokkenluiders,https://zoek.officielebekendmakingen.nl/h-tk-20122013-101-11.html
76,20122013-101-11,1,litjens,De heer,0,0,Counter(),[],Initiatiefvoorstel Huis voor klokkenluiders,https://zoek.officielebekendmakingen.nl/h-tk-20122013-101-11.html
77,20122013-101-12,1,karabulut,Mevrouw,0,0,Counter(),[],Schulden- en armoedebeleid,https://zoek.officielebekendmakingen.nl/h-tk-20122013-101-12.html
78,20122013-101-12,1,voortman,Mevrouw,0,0,Counter(),[],Schulden- en armoedebeleid,https://zoek.officielebekendmakingen.nl/h-tk-20122013-101-12.html
79,20122013-101-12,1,schouten,Mevrouw,1,3,Counter({'van weyenberg': 3}),"['van weyenberg', 'van weyenberg', 'van weyenberg']",Schulden- en armoedebeleid,https://zoek.officielebekendmakingen.nl/h-tk-20122013-101-12.html
80,20122013-101-12,1,kuzu,Mevrouw,4,7,"Counter({'karabulut': 2, 'voortman': 2, 'van weyenberg': 2, 'potters': 1})","['karabulut', 'karabulut', 'potters', 'voortman', 'voortman', 'van weyenberg', 'van weyenberg']",Schulden- en armoedebeleid,https://zoek.officielebekendmakingen.nl/h-tk-20122013-101-12.html
81,20122013-101-12,1,klijnsma,Mevrouw,3,15,"Counter({'karabulut': 9, 'voortman': 5, 'van weyenberg': 1})","['karabulut', 'karabulut', 'van weyenberg', 'karabulut', 'karabulut', 'karabulut', 'karabulut', 'karabulut', 'karabulut', 'voortman', 'voortman', 'voortman', 'karabulut', 'voortman', 'voortman']",Schulden- en armoedebeleid,https://zoek.officielebekendmakingen.nl/h-tk-20122013-101-12.html
82,20122013-101-13,1,voordewind,De heer,0,0,Counter(),[],Vreemdelingen- en asielbeleid,https://zoek.officielebekendmakingen.nl/h-tk-20122013-101-13.html
83,20122013-101-13,1,fritsma,De heer,0,0,Counter(),[],Vreemdelingen- en asielbeleid,https://zoek.officielebekendmakingen.nl/h-tk-20122013-101-13.html
84,20122013-101-13,1,gesthuizen,De heer,0,0,Counter(),[],Vreemdelingen- en asielbeleid,https://zoek.officielebekendmakingen.nl/h-tk-20122013-101-13.html
85,20122013-101-13,1,voortman,De heer,0,0,Counter(),[],Vreemdelingen- en asielbeleid,https://zoek.officielebekendmakingen.nl/h-tk-20122013-101-13.html
86,20122013-101-13,1,van hijum,De heer,1,1,Counter({'azmani': 1}),['azmani'],Vreemdelingen- en asielbeleid,https://zoek.officielebekendmakingen.nl/h-tk-20122013-101-13.html
87,20122013-101-13,1,schouw,De heer,0,0,Counter(),[],Vreemdelingen- en asielbeleid,https://zoek.officielebekendmakingen.nl/h-tk-20122013-101-13.html
88,20122013-101-14,1,kooiman,Mevrouw,0,0,Counter(),[],Nieuwe Masterplan DJI 2013-2018,https://zoek.officielebekendmakingen.nl/h-tk-20122013-101-14.html
89,20122013-101-14,1,helder,Mevrouw,0,0,Counter(),[],Nieuwe Masterplan DJI 2013-2018,https://zoek.officielebekendmakingen.nl/h-tk-20122013-101-14.html
90,20122013-101-14,1,van der steur,Mevrouw,6,23,"Counter({'van tongeren': 6, 'van toorenburg': 6, 'helder': 3, 'segers': 3, 'kooiman': 3, 'schouw': 2})","['van tongeren', 'van tongeren', 'schouw', 'schouw', 'helder', 'helder', 'helder', 'van toorenburg', 'van toorenburg', 'van toorenburg', 'segers', 'segers', 'segers', 'kooiman', 'kooiman', 'kooiman', 'van toorenburg', 'van toorenburg', 'van toorenburg', 'van tongeren', 'van tongeren', 'van tongeren', 'van tongeren']",Nieuwe Masterplan DJI 2013-2018,https://zoek.officielebekendmakingen.nl/h-tk-20122013-101-14.html
91,20122013-101-14,1,schouw,Mevrouw,0,0,Counter(),[],Nieuwe Masterplan DJI 2013-2018,https://zoek.officielebekendmakingen.nl/h-tk-20122013-101-14.html
92,20122013-101-14,1,van tongeren,Mevrouw,0,0,Counter(),[],Nieuwe Masterplan DJI 2013-2018,https://zoek.officielebekendmakingen.nl/h-tk-20122013-101-14.html
93,20122013-101-14,1,van der staaij,Mevrouw,0,0,Counter(),[],Nieuwe Masterplan DJI 2013-2018,https://zoek.officielebekendmakingen.nl/h-tk-20122013-101-14.html
94,20122013-101-14,1,van toorenburg,Mevrouw,0,0,Counter(),[],Nieuwe Masterplan DJI 2013-2018,https://zoek.officielebekendmakingen.nl/h-tk-20122013-101-14.html
95,20122013-101-14,1,klein,Mevrouw,0,0,Counter(),[],Nieuwe Masterplan DJI 2013-2018,https://zoek.officielebekendmakingen.nl/h-tk-20122013-101-14.html
96,20122013-101-14,1,segers,Mevrouw,0,0,Counter(),[],Nieuwe Masterplan DJI 2013-2018,https://zoek.officielebekendmakingen.nl/h-tk-20122013-101-14.html
97,20122013-101-14,1,marcouch,Mevrouw,4,13,"Counter({'segers': 4, 'kooiman': 3, 'schouw': 3, 'helder': 3})","['kooiman', 'kooiman', 'kooiman', 'segers', 'segers', 'segers', 'segers', 'schouw', 'schouw', 'schouw', 'helder', 'helder', 'helder']",Nieuwe Masterplan DJI 2013-2018,https://zoek.officielebekendmakingen.nl/h-tk-20122013-101-14.html
98,20122013-101-14,1,teeven,Mevrouw,9,64,"Counter({'schouw': 13, 'van toorenburg': 13, 'kooiman': 10, 'segers': 9, 'van tongeren': 6, 'helder': 6, 'van der steur': 4, 'marcouch': 2, 'van der staaij': 1})","['schouw', 'schouw', 'schouw', 'schouw', 'van tongeren', 'van tongeren', 'van tongeren', 'segers', 'kooiman', 'kooiman', 'kooiman', 'van toorenburg', 'van toorenburg', 'van toorenburg', 'marcouch', 'helder', 'helder', 'helder', 'helder', 'van der staaij', 'van toorenburg', 'van toorenburg', 'kooiman', 'kooiman', 'kooiman', 'kooiman', 'segers', 'segers', 'segers', 'van toorenburg', 'van toorenburg', 'van toorenburg', 'van toorenburg', 'schouw', 'schouw', 'schouw', 'van toorenburg', 'van toorenburg', 'van tongeren', 'van tongeren', 'van tongeren', 'schouw', 'schouw', 'schouw', 'helder', 'helder', 'van der steur', 'segers', 'segers', 'schouw', 'schouw', 'schouw', 'marcouch', 'van der steur', 'van der steur', 'van der steur', 'van toorenburg', 'van toorenburg', 'kooiman', 'kooiman', 'kooiman', 'segers', 'segers', 'segers']",Nieuwe Masterplan DJI 2013-2018,https://zoek.officielebekendmakingen.nl/h-tk-20122013-101-14.html
99,20122013-101-14,2,kooiman,Mevrouw,0,0,Counter(),[],Nieuwe Masterplan DJI 2013-2018,https://zoek.officielebekendmakingen.nl/h-tk-20122013-101-14.html
100,20122013-101-14,2,helder,Mevrouw,0,0,Counter(),[],Nieuwe Masterplan DJI 2013-2018,https://zoek.officielebekendmakingen.nl/h-tk-20122013-101-14.html
101,20122013-101-14,2,van der steur,Mevrouw,1,2,Counter({'kooiman': 2}),"['kooiman', 'kooiman']",Nieuwe Masterplan DJI 2013-2018,https://zoek.officielebekendmakingen.nl/h-tk-20122013-101-14.html
102,20122013-101-14,2,schouw,Mevrouw,0,0,Counter(),[],Nieuwe Masterplan DJI 2013-2018,https://zoek.officielebekendmakingen.nl/h-tk-20122013-101-14.html
103,20122013-101-14,2,van tongeren,Mevrouw,0,0,Counter(),[],Nieuwe Masterplan DJI 2013-2018,https://zoek.officielebekendmakingen.nl/h-tk-20122013-101-14.html
104,20122013-101-14,2,van toorenburg,Mevrouw,1,1,Counter({'van der steur': 1}),['van der steur'],Nieuwe Masterplan DJI 2013-2018,https://zoek.officielebekendmakingen.nl/h-tk-20122013-101-14.html
105,20122013-101-14,2,klein,Mevrouw,0,0,Counter(),[],Nieuwe Masterplan DJI 2013-2018,https://zoek.officielebekendmakingen.nl/h-tk-20122013-101-14.html
106,20122013-101-14,2,segers,Mevrouw,0,0,Counter(),[],Nieuwe Masterplan DJI 2013-2018,https://zoek.officielebekendmakingen.nl/h-tk-20122013-101-14.html
107,20122013-101-14,2,marcouch,Mevrouw,0,0,Counter(),[],Nieuwe Masterplan DJI 2013-2018,https://zoek.officielebekendmakingen.nl/h-tk-20122013-101-14.html
108,20122013-101-4,1,verhoeven,De heer,6,44,"Counter({'paulus jansen': 16, 'visser': 11, 'dijkgraaf': 6, 'van klaveren': 5, 'monasch': 4, 'koolmees': 2})","['paulus jansen', 'paulus jansen', 'dijkgraaf', 'dijkgraaf', 'van klaveren', 'van klaveren', 'dijkgraaf', 'dijkgraaf', 'van klaveren', 'van klaveren', 'van klaveren', 'paulus jansen', 'paulus jansen', 'paulus jansen', 'visser', 'visser', 'visser', 'visser', 'visser', 'paulus jansen', 'paulus jansen', 'paulus jansen', 'paulus jansen', 'koolmees', 'koolmees', 'monasch', 'paulus jansen', 'paulus jansen', 'dijkgraaf', 'dijkgraaf', 'visser', 'visser', 'visser', 'visser', 'paulus jansen', 'paulus jansen', 'paulus jansen', 'paulus jansen', 'paulus jansen', 'visser', 'visser', 'monasch', 'monasch', 'monasch']",Rapport tijdelijke commissie Huizenprijzen,https://zoek.officielebekendmakingen.nl/h-tk-20122013-101-4.html
109,20122013-101-4,1,monasch,De heer,0,0,Counter(),[],Rapport tijdelijke commissie Huizenprijzen,https://zoek.officielebekendmakingen.nl/h-tk-20122013-101-4.html
110,20122013-101-4,1,paulus jansen,De heer,0,0,Counter(),[],Rapport tijdelijke commissie Huizenprijzen,https://zoek.officielebekendmakingen.nl/h-tk-20122013-101-4.html
111,20122013-101-4,1,fritsma,De heer,0,0,Counter(),[],Rapport tijdelijke commissie Huizenprijzen,https://zoek.officielebekendmakingen.nl/h-tk-20122013-101-4.html
112,20122013-101-4,1,koolmees,De heer,1,4,Counter({'monasch': 4}),"['monasch', 'monasch', 'monasch', 'monasch']",Rapport tijdelijke commissie Huizenprijzen,https://zoek.officielebekendmakingen.nl/h-tk-20122013-101-4.html
113,20122013-101-4,1,visser,De heer,0,0,Counter(),[],Rapport tijdelijke commissie Huizenprijzen,https://zoek.officielebekendmakingen.nl/h-tk-20122013-101-4.html
114,20122013-101-7,1,van weyenberg,De heer,0,0,Counter(),[],Stemmingen Verlaging maximumopbouw- en premiepercentages pensioen,https://zoek.officielebekendmakingen.nl/h-tk-20122013-101-7.html
115,20122013-102-2,1,leijten,Mevrouw,0,0,Counter(),[],Vragenuur: Vragen Leijten,https://zoek.officielebekendmakingen.nl/h-tk-20122013-102-2.html
116,20122013-102-3,1,de rouwe,De heer,0,0,Counter(),[],Vragenuur: Vragen De Rouwe,https://zoek.officielebekendmakingen.nl/h-tk-20122013-102-3.html
117,20122013-102-33,1,van bommel,De heer,0,0,Counter(),[],Verslag Europese top,https://zoek.officielebekendmakingen.nl/h-tk-20122013-102-33.html
118,20122013-102-33,1,pechtold,De heer,0,0,Counter(),[],Verslag Europese top,https://zoek.officielebekendmakingen.nl/h-tk-20122013-102-33.html
119,20122013-102-33,1,verheijen,De heer,1,2,Counter({'tony van dijck': 2}),"['tony van dijck', 'tony van dijck']",Verslag Europese top,https://zoek.officielebekendmakingen.nl/h-tk-20122013-102-33.html
120,20122013-102-33,1,madlener,De heer,0,0,Counter(),[],Verslag Europese top,https://zoek.officielebekendmakingen.nl/h-tk-20122013-102-33.html
121,20122013-102-33,1,tony van dijck,De heer,0,0,Counter(),[],Verslag Europese top,https://zoek.officielebekendmakingen.nl/h-tk-20122013-102-33.html
122,20122013-102-33,1,servaes,De heer,2,4,"Counter({'tony van dijck': 2, 'madlener': 2})","['tony van dijck', 'tony van dijck', 'madlener', 'madlener']",Verslag Europese top,https://zoek.officielebekendmakingen.nl/h-tk-20122013-102-33.html
123,20122013-102-33,1,van haersma buma,De heer,1,3,Counter({'servaes': 3}),"['servaes', 'servaes', 'servaes']",Verslag Europese top,https://zoek.officielebekendmakingen.nl/h-tk-20122013-102-33.html
124,20122013-102-33,1,rutte,De heer,5,20,"Counter({'tony van dijck': 7, 'van haersma buma': 5, 'pechtold': 4, 'madlener': 2, 'van bommel': 2})","['pechtold', 'pechtold', 'van haersma buma', 'van haersma buma', 'van haersma buma', 'van haersma buma', 'tony van dijck', 'tony van dijck', 'tony van dijck', 'tony van dijck', 'tony van dijck', 'van haersma buma', 'pechtold', 'pechtold', 'madlener', 'madlener', 'van bommel', 'van bommel', 'tony van dijck', 'tony van dijck']",Verslag Europese top,https://zoek.officielebekendmakingen.nl/h-tk-20122013-102-33.html
125,20122013-102-33,2,van bommel,De heer,0,0,Counter(),[],Verslag Europese top,https://zoek.officielebekendmakingen.nl/h-tk-20122013-102-33.html
126,20122013-102-33,2,pechtold,De heer,0,0,Counter(),[],Verslag Europese top,https://zoek.officielebekendmakingen.nl/h-tk-20122013-102-33.html
127,20122013-102-33,2,tony van dijck,De heer,0,0,Counter(),[],Verslag Europese top,https://zoek.officielebekendmakingen.nl/h-tk-20122013-102-33.html
128,20122013-102-33,2,servaes,De heer,0,0,Counter(),[],Verslag Europese top,https://zoek.officielebekendmakingen.nl/h-tk-20122013-102-33.html
129,20122013-102-33,2,van haersma buma,De heer,0,0,Counter(),[],Verslag Europese top,https://zoek.officielebekendmakingen.nl/h-tk-20122013-102-33.html
130,20122013-102-34,1,van veldhoven,Mevrouw,4,11,"Counter({'bisschop': 4, 'elias': 3, 'van tongeren': 2, 'klein': 2})","['elias', 'elias', 'elias', 'bisschop', 'bisschop', 'bisschop', 'bisschop', 'van tongeren', 'van tongeren', 'klein', 'klein']",Naleving Handboek voor aantredende bewindspersonen,https://zoek.officielebekendmakingen.nl/h-tk-20122013-102-34.html
131,20122013-102-34,1,van tongeren,Mevrouw,1,2,Counter({'de rouwe': 2}),"['de rouwe', 'de rouwe']",Naleving Handboek voor aantredende bewindspersonen,https://zoek.officielebekendmakingen.nl/h-tk-20122013-102-34.html
132,20122013-102-34,1,bashir,Mevrouw,1,2,Counter({'de rouwe': 2}),"['de rouwe', 'de rouwe']",Naleving Handboek voor aantredende bewindspersonen,https://zoek.officielebekendmakingen.nl/h-tk-20122013-102-34.html
133,20122013-102-34,1,elias,Mevrouw,3,13,"Counter({'van veldhoven': 6, 'van tongeren': 5, 'de rouwe': 2})","['van veldhoven', 'van veldhoven', 'van veldhoven', 'de rouwe', 'de rouwe', 'van tongeren', 'van tongeren', 'van tongeren', 'van veldhoven', 'van veldhoven', 'van veldhoven', 'van tongeren', 'van tongeren']",Naleving Handboek voor aantredende bewindspersonen,https://zoek.officielebekendmakingen.nl/h-tk-20122013-102-34.html
134,20122013-102-34,1,dik-faber,Mevrouw,0,0,Counter(),[],Naleving Handboek voor aantredende bewindspersonen,https://zoek.officielebekendmakingen.nl/h-tk-20122013-102-34.html
135,20122013-102-34,1,bisschop,Mevrouw,3,8,"Counter({'van tongeren': 4, 'van veldhoven': 2, 'bashir': 2})","['van veldhoven', 'van veldhoven', 'van tongeren', 'van tongeren', 'bashir', 'bashir', 'van tongeren', 'van tongeren']",Naleving Handboek voor aantredende bewindspersonen,https://zoek.officielebekendmakingen.nl/h-tk-20122013-102-34.html
136,20122013-102-34,1,de graaf,Mevrouw,0,0,Counter(),[],Naleving Handboek voor aantredende bewindspersonen,https://zoek.officielebekendmakingen.nl/h-tk-20122013-102-34.html
137,20122013-102-34,1,klein,Mevrouw,0,0,Counter(),[],Naleving Handboek voor aantredende bewindspersonen,https://zoek.officielebekendmakingen.nl/h-tk-20122013-102-34.html
138,20122013-102-34,1,kuiken,Mevrouw,2,5,"Counter({'van veldhoven': 3, 'van tongeren': 2})","['van veldhoven', 'van veldhoven', 'van tongeren', 'van tongeren', 'van veldhoven']",Naleving Handboek voor aantredende bewindspersonen,https://zoek.officielebekendmakingen.nl/h-tk-20122013-102-34.html
139,20122013-102-34,1,de rouwe,Mevrouw,0,0,Counter(),[],Naleving Handboek voor aantredende bewindspersonen,https://zoek.officielebekendmakingen.nl/h-tk-20122013-102-34.html
140,20122013-102-34,1,schultz van haegen-maas geesteranus,Mevrouw,4,21,"Counter({'de rouwe': 8, 'van tongeren': 6, 'van veldhoven': 4, 'bashir': 3})","['de rouwe', 'de rouwe', 'van tongeren', 'van tongeren', 'van veldhoven', 'van veldhoven', 'van tongeren', 'van tongeren', 'de rouwe', 'de rouwe', 'de rouwe', 'de rouwe', 'de rouwe', 'de rouwe', 'van veldhoven', 'van veldhoven', 'bashir', 'bashir', 'van tongeren', 'van tongeren', 'bashir']",Naleving Handboek voor aantredende bewindspersonen,https://zoek.officielebekendmakingen.nl/h-tk-20122013-102-34.html
141,20122013-102-34,1,rutte,Mevrouw,3,15,"Counter({'van veldhoven': 7, 'de rouwe': 4, 'van tongeren': 4})","['de rouwe', 'de rouwe', 'de rouwe', 'de rouwe', 'van tongeren', 'van tongeren', 'van veldhoven', 'van veldhoven', 'van veldhoven', 'van veldhoven', 'van tongeren', 'van tongeren', 'van veldhoven', 'van veldhoven', 'van veldhoven']",Naleving Handboek voor aantredende bewindspersonen,https://zoek.officielebekendmakingen.nl/h-tk-20122013-102-34.html
142,20122013-102-34,1,van tongeren,Mevrouw,0,0,Counter(),[],Naleving Handboek voor aantredende bewindspersonen,https://zoek.officielebekendmakingen.nl/h-tk-20122013-102-34.html
143,20122013-102-34,2,van veldhoven,Mevrouw,1,2,Counter({'elias': 2}),"['elias', 'elias']",Naleving Handboek voor aantredende bewindspersonen,https://zoek.officielebekendmakingen.nl/h-tk-20122013-102-34.html
144,20122013-102-35,1,leijten,Mevrouw,0,0,Counter(),[],GGZ,https://zoek.officielebekendmakingen.nl/h-tk-20122013-102-35.html
145,20122013-102-35,1,kuzu,Mevrouw,0,0,Counter(),[],GGZ,https://zoek.officielebekendmakingen.nl/h-tk-20122013-102-35.html
146,20122013-102-35,1,pia dijkstra,Mevrouw,0,0,Counter(),[],GGZ,https://zoek.officielebekendmakingen.nl/h-tk-20122013-102-35.html
147,20122013-102-36,1,schippers,Minister,5,16,"Counter({'leijten': 9, 'klever': 2, 'van der staaij': 2, 'pia dijkstra': 2, 'kuzu': 1})","['leijten', 'leijten', 'leijten', 'leijten', 'leijten', 'leijten', 'leijten', 'leijten', 'leijten', 'kuzu', 'klever', 'klever', 'van der staaij', 'van der staaij', 'pia dijkstra', 'pia dijkstra']","Wet kwaliteit, klachten en geschillen zorg",https://zoek.officielebekendmakingen.nl/h-tk-20122013-102-36.html
148,20122013-102-36,1,leijten,Minister,0,0,Counter(),[],"Wet kwaliteit, klachten en geschillen zorg",https://zoek.officielebekendmakingen.nl/h-tk-20122013-102-36.html
149,20122013-102-36,1,van der staaij,Minister,1,3,Counter({'bruins slot': 3}),"['bruins slot', 'bruins slot', 'bruins slot']","Wet kwaliteit, klachten en geschillen zorg",https://zoek.officielebekendmakingen.nl/h-tk-20122013-102-36.html
150,20122013-102-36,1,bruins slot,Minister,0,0,Counter(),[],"Wet kwaliteit, klachten en geschillen zorg",https://zoek.officielebekendmakingen.nl/h-tk-20122013-102-36.html
151,20122013-102-36,1,kuzu,Minister,0,0,Counter(),[],"Wet kwaliteit, klachten en geschillen zorg",https://zoek.officielebekendmakingen.nl/h-tk-20122013-102-36.html
152,20122013-102-36,1,van veen,Minister,1,2,Counter({'leijten': 2}),"['leijten', 'leijten']","Wet kwaliteit, klachten en geschillen zorg",https://zoek.officielebekendmakingen.nl/h-tk-20122013-102-36.html
153,20122013-102-36,1,pia dijkstra,Minister,0,0,Counter(),[],"Wet kwaliteit, klachten en geschillen zorg",https://zoek.officielebekendmakingen.nl/h-tk-20122013-102-36.html
154,20122013-102-36,1,klever,Minister,0,0,Counter(),[],"Wet kwaliteit, klachten en geschillen zorg",https://zoek.officielebekendmakingen.nl/h-tk-20122013-102-36.html
155,20122013-102-4,1,van weyenberg,De heer,0,0,Counter(),[],Vragenuur: Vragen Van Weyenberg,https://zoek.officielebekendmakingen.nl/h-tk-20122013-102-4.html
156,20122013-102-5,1,bisschop,De heer,0,0,Counter(),[],Vragenuur: Vragen Bisschop,https://zoek.officielebekendmakingen.nl/h-tk-20122013-102-5.html
157,20122013-102-6,1,sjoerdsma,De heer,0,0,Counter(),[],Vragenuur: Vragen Sjoerdsma,https://zoek.officielebekendmakingen.nl/h-tk-20122013-102-6.html
158,20122013-103-10,1,bergkamp,Mevrouw,0,0,Counter(),[],Cultuuronderwerpen,https://zoek.officielebekendmakingen.nl/h-tk-20122013-103-10.html
159,20122013-103-10,1,monasch,Mevrouw,0,0,Counter(),[],Cultuuronderwerpen,https://zoek.officielebekendmakingen.nl/h-tk-20122013-103-10.html
160,20122013-103-10,1,jasper van dijk,Mevrouw,0,0,Counter(),[],Cultuuronderwerpen,https://zoek.officielebekendmakingen.nl/h-tk-20122013-103-10.html
161,20122013-103-10,1,venrooy-van ark,Mevrouw,1,1,Counter({'jasper van dijk': 1}),['jasper van dijk'],Cultuuronderwerpen,https://zoek.officielebekendmakingen.nl/h-tk-20122013-103-10.html
162,20122013-103-10,1,keijzer,Mevrouw,0,0,Counter(),[],Cultuuronderwerpen,https://zoek.officielebekendmakingen.nl/h-tk-20122013-103-10.html
163,20122013-103-13,1,nijboer,De heer,0,0,Counter(),[],Online betalingsverkeer,https://zoek.officielebekendmakingen.nl/h-tk-20122013-103-13.html
164,20122013-103-13,1,verhoeven,De heer,0,0,Counter(),[],Online betalingsverkeer,https://zoek.officielebekendmakingen.nl/h-tk-20122013-103-13.html
165,20122013-103-13,1,merkies,De heer,0,0,Counter(),[],Online betalingsverkeer,https://zoek.officielebekendmakingen.nl/h-tk-20122013-103-13.html
166,20122013-103-13,1,aukje de vries,De heer,0,0,Counter(),[],Online betalingsverkeer,https://zoek.officielebekendmakingen.nl/h-tk-20122013-103-13.html
167,20122013-103-14,1,tony van dijck,De heer,0,0,Counter(),[],Voorjaarsnota 2013,https://zoek.officielebekendmakingen.nl/h-tk-20122013-103-14.html
168,20122013-103-14,1,harbers,De heer,4,8,"Counter({'van hijum': 2, 'koolmees': 2, 'merkies': 2, 'tony van dijck': 2})","['van hijum', 'van hijum', 'koolmees', 'koolmees', 'merkies', 'merkies', 'tony van dijck', 'tony van dijck']",Voorjaarsnota 2013,https://zoek.officielebekendmakingen.nl/h-tk-20122013-103-14.html
169,20122013-103-14,1,merkies,De heer,5,10,"Counter({'koolmees': 2, 'nijboer': 2, 'dijkgraaf': 2, 'van hijum': 2, 'harbers': 2})","['koolmees', 'koolmees', 'nijboer', 'nijboer', 'dijkgraaf', 'dijkgraaf', 'van hijum', 'van hijum', 'harbers', 'harbers']",Voorjaarsnota 2013,https://zoek.officielebekendmakingen.nl/h-tk-20122013-103-14.html
170,20122013-103-14,1,nijboer,De heer,4,8,"Counter({'klaver': 2, 'van hijum': 2, 'koolmees': 2, 'tony van dijck': 2})","['klaver', 'klaver', 'van hijum', 'van hijum', 'koolmees', 'koolmees', 'tony van dijck', 'tony van dijck']",Voorjaarsnota 2013,https://zoek.officielebekendmakingen.nl/h-tk-20122013-103-14.html
171,20122013-103-14,1,van hijum,De heer,3,7,"Counter({'dijkgraaf': 3, 'schouten': 2, 'nijboer': 2})","['schouten', 'schouten', 'nijboer', 'nijboer', 'dijkgraaf', 'dijkgraaf', 'dijkgraaf']",Voorjaarsnota 2013,https://zoek.officielebekendmakingen.nl/h-tk-20122013-103-14.html
172,20122013-103-14,1,koolmees,De heer,3,5,"Counter({'dijkgraaf': 2, 'schouten': 2, 'dijsselbloem': 1})","['dijkgraaf', 'dijkgraaf', 'dijsselbloem', 'schouten', 'schouten']",Voorjaarsnota 2013,https://zoek.officielebekendmakingen.nl/h-tk-20122013-103-14.html
173,20122013-103-14,1,schouten,De heer,1,2,Counter({'van hijum': 2}),"['van hijum', 'van hijum']",Voorjaarsnota 2013,https://zoek.officielebekendmakingen.nl/h-tk-20122013-103-14.html
174,20122013-103-14,1,klaver,De heer,0,0,Counter(),[],Voorjaarsnota 2013,https://zoek.officielebekendmakingen.nl/h-tk-20122013-103-14.html
175,20122013-103-14,1,dijkgraaf,De heer,0,0,Counter(),[],Voorjaarsnota 2013,https://zoek.officielebekendmakingen.nl/h-tk-20122013-103-14.html
176,20122013-103-14,1,klein,De heer,0,0,Counter(),[],Voorjaarsnota 2013,https://zoek.officielebekendmakingen.nl/h-tk-20122013-103-14.html
177,20122013-103-14,1,dijsselbloem,De heer,8,32,"Counter({'koolmees': 7, 'tony van dijck': 5, 'dijkgraaf': 4, 'merkies': 4, 'klaver': 4, 'klein': 3, 'van hijum': 3, 'schouten': 2})","['koolmees', 'koolmees', 'koolmees', 'dijkgraaf', 'dijkgraaf', 'tony van dijck', 'tony van dijck', 'koolmees', 'koolmees', 'koolmees', 'koolmees', 'merkies', 'merkies', 'klein', 'klein', 'klaver', 'schouten', 'van hijum', 'van hijum', 'van hijum', 'schouten', 'dijkgraaf', 'dijkgraaf', 'klein', 'klaver', 'klaver', 'tony van dijck', 'tony van dijck', 'tony van dijck', 'klaver', 'merkies', 'merkies']",Voorjaarsnota 2013,https://zoek.officielebekendmakingen.nl/h-tk-20122013-103-14.html
178,20122013-103-14,2,tony van dijck,De heer,1,4,Counter({'klaver': 4}),"['klaver', 'klaver', 'klaver', 'klaver']",Voorjaarsnota 2013,https://zoek.officielebekendmakingen.nl/h-tk-20122013-103-14.html
179,20122013-103-14,2,harbers,De heer,0,0,Counter(),[],Voorjaarsnota 2013,https://zoek.officielebekendmakingen.nl/h-tk-20122013-103-14.html
180,20122013-103-14,2,merkies,De heer,0,0,Counter(),[],Voorjaarsnota 2013,https://zoek.officielebekendmakingen.nl/h-tk-20122013-103-14.html
181,20122013-103-14,2,nijboer,De heer,0,0,Counter(),[],Voorjaarsnota 2013,https://zoek.officielebekendmakingen.nl/h-tk-20122013-103-14.html
182,20122013-103-14,2,van hijum,De heer,0,0,Counter(),[],Voorjaarsnota 2013,https://zoek.officielebekendmakingen.nl/h-tk-20122013-103-14.html
183,20122013-103-14,2,koolmees,De heer,0,0,Counter(),[],Voorjaarsnota 2013,https://zoek.officielebekendmakingen.nl/h-tk-20122013-103-14.html
184,20122013-103-14,2,schouten,De heer,0,0,Counter(),[],Voorjaarsnota 2013,https://zoek.officielebekendmakingen.nl/h-tk-20122013-103-14.html
185,20122013-103-14,2,klaver,De heer,0,0,Counter(),[],Voorjaarsnota 2013,https://zoek.officielebekendmakingen.nl/h-tk-20122013-103-14.html
186,20122013-103-14,2,klein,De heer,0,0,Counter(),[],Voorjaarsnota 2013,https://zoek.officielebekendmakingen.nl/h-tk-20122013-103-14.html
187,20122013-103-15,1,van hijum,De heer,0,0,Counter(),[],Verplicht schatkistbankieren,https://zoek.officielebekendmakingen.nl/h-tk-20122013-103-15.html
188,20122013-103-15,1,tony van dijck,De heer,0,0,Counter(),[],Verplicht schatkistbankieren,https://zoek.officielebekendmakingen.nl/h-tk-20122013-103-15.html
189,20122013-103-15,1,dijkgraaf,De heer,2,5,"Counter({'tony van dijck': 3, 'koolmees': 2})","['tony van dijck', 'tony van dijck', 'tony van dijck', 'koolmees', 'koolmees']",Verplicht schatkistbankieren,https://zoek.officielebekendmakingen.nl/h-tk-20122013-103-15.html
190,20122013-103-15,1,koolmees,De heer,1,2,Counter({'dijkgraaf': 2}),"['dijkgraaf', 'dijkgraaf']",Verplicht schatkistbankieren,https://zoek.officielebekendmakingen.nl/h-tk-20122013-103-15.html
191,20122013-103-15,1,klein,De heer,0,0,Counter(),[],Verplicht schatkistbankieren,https://zoek.officielebekendmakingen.nl/h-tk-20122013-103-15.html
192,20122013-103-15,1,litjens,De heer,0,0,Counter(),[],Verplicht schatkistbankieren,https://zoek.officielebekendmakingen.nl/h-tk-20122013-103-15.html
193,20122013-103-15,1,groot,De heer,0,0,Counter(),[],Verplicht schatkistbankieren,https://zoek.officielebekendmakingen.nl/h-tk-20122013-103-15.html
194,20122013-103-15,1,dijsselbloem,De heer,5,10,"Counter({'dijkgraaf': 4, 'van hijum': 2, 'klein': 2, 'groot': 1, 'tony van dijck': 1})","['groot', 'van hijum', 'van hijum', 'klein', 'klein', 'tony van dijck', 'dijkgraaf', 'dijkgraaf', 'dijkgraaf', 'dijkgraaf']",Verplicht schatkistbankieren,https://zoek.officielebekendmakingen.nl/h-tk-20122013-103-15.html
195,20122013-103-15,2,van hijum,De heer,0,0,Counter(),[],Verplicht schatkistbankieren,https://zoek.officielebekendmakingen.nl/h-tk-20122013-103-15.html
196,20122013-103-15,2,dijkgraaf,De heer,0,0,Counter(),[],Verplicht schatkistbankieren,https://zoek.officielebekendmakingen.nl/h-tk-20122013-103-15.html
197,20122013-103-15,2,klein,De heer,0,0,Counter(),[],Verplicht schatkistbankieren,https://zoek.officielebekendmakingen.nl/h-tk-20122013-103-15.html
198,20122013-103-3,1,dikkers,Mevrouw,0,0,Counter(),[],Biotechnologie,https://zoek.officielebekendmakingen.nl/h-tk-20122013-103-3.html
199,20122013-103-3,1,van gerven,Mevrouw,0,0,Counter(),[],Biotechnologie,https://zoek.officielebekendmakingen.nl/h-tk-20122013-103-3.html
200,20122013-103-3,1,dik-faber,Mevrouw,0,0,Counter(),[],Biotechnologie,https://zoek.officielebekendmakingen.nl/h-tk-20122013-103-3.html
201,20122013-103-3,1,de liefde,Mevrouw,0,0,Counter(),[],Biotechnologie,https://zoek.officielebekendmakingen.nl/h-tk-20122013-103-3.html
202,20122013-103-3,1,klaver,Mevrouw,0,0,Counter(),[],Biotechnologie,https://zoek.officielebekendmakingen.nl/h-tk-20122013-103-3.html
203,20122013-103-3,1,geurts,Mevrouw,0,0,Counter(),[],Biotechnologie,https://zoek.officielebekendmakingen.nl/h-tk-20122013-103-3.html
204,20122013-103-3,1,ouwehand,Mevrouw,0,0,Counter(),[],Biotechnologie,https://zoek.officielebekendmakingen.nl/h-tk-20122013-103-3.html
205,20122013-103-3,1,dijksma,Mevrouw,3,3,"Counter({'dikkers': 1, 'ouwehand': 1, 'dik-faber': 1})","['dikkers', 'ouwehand', 'dik-faber']",Biotechnologie,https://zoek.officielebekendmakingen.nl/h-tk-20122013-103-3.html
206,20122013-103-4,1,ouwehand,Mevrouw,0,0,Counter(),[],Visserij,https://zoek.officielebekendmakingen.nl/h-tk-20122013-103-4.html
207,20122013-103-4,1,graus,Mevrouw,0,0,Counter(),[],Visserij,https://zoek.officielebekendmakingen.nl/h-tk-20122013-103-4.html
208,20122013-103-5,1,thieme,Mevrouw,0,0,Counter(),[],Ganzenbeleid,https://zoek.officielebekendmakingen.nl/h-tk-20122013-103-5.html
209,20122013-103-5,1,graus,Mevrouw,0,0,Counter(),[],Ganzenbeleid,https://zoek.officielebekendmakingen.nl/h-tk-20122013-103-5.html
210,20122013-103-5,1,houwers,Mevrouw,0,0,Counter(),[],Ganzenbeleid,https://zoek.officielebekendmakingen.nl/h-tk-20122013-103-5.html
211,20122013-103-5,1,van gerven,Mevrouw,0,0,Counter(),[],Ganzenbeleid,https://zoek.officielebekendmakingen.nl/h-tk-20122013-103-5.html
212,20122013-103-6,1,van meenen,De heer,0,0,Counter(),[],Invulling van de subsidietaakstelling onderwijs en onderzoek,https://zoek.officielebekendmakingen.nl/h-tk-20122013-103-6.html
213,20122013-103-6,1,voordewind,De heer,0,0,Counter(),[],Invulling van de subsidietaakstelling onderwijs en onderzoek,https://zoek.officielebekendmakingen.nl/h-tk-20122013-103-6.html
214,20122013-103-6,1,bisschop,De heer,0,0,Counter(),[],Invulling van de subsidietaakstelling onderwijs en onderzoek,https://zoek.officielebekendmakingen.nl/h-tk-20122013-103-6.html
215,20122013-103-6,1,lucas,De heer,1,1,Counter({'van meenen': 1}),['van meenen'],Invulling van de subsidietaakstelling onderwijs en onderzoek,https://zoek.officielebekendmakingen.nl/h-tk-20122013-103-6.html
216,20122013-103-6,1,jasper van dijk,De heer,0,0,Counter(),[],Invulling van de subsidietaakstelling onderwijs en onderzoek,https://zoek.officielebekendmakingen.nl/h-tk-20122013-103-6.html
217,20122013-103-6,1,rog,De heer,0,0,Counter(),[],Invulling van de subsidietaakstelling onderwijs en onderzoek,https://zoek.officielebekendmakingen.nl/h-tk-20122013-103-6.html
218,20122013-103-6,1,mohandis,De heer,0,0,Counter(),[],Invulling van de subsidietaakstelling onderwijs en onderzoek,https://zoek.officielebekendmakingen.nl/h-tk-20122013-103-6.html
219,20122013-103-6,1,bussemaker,De heer,0,0,Counter(),[],Invulling van de subsidietaakstelling onderwijs en onderzoek,https://zoek.officielebekendmakingen.nl/h-tk-20122013-103-6.html
220,20122013-103-7,1,leijten,Mevrouw,0,0,Counter(),[],"Zorgverzekeringswet, Pakketmaatregelen en Ruwaard van Putten ziekenhuis",https://zoek.officielebekendmakingen.nl/h-tk-20122013-103-7.html
221,20122013-103-7,1,pia dijkstra,Mevrouw,0,0,Counter(),[],"Zorgverzekeringswet, Pakketmaatregelen en Ruwaard van Putten ziekenhuis",https://zoek.officielebekendmakingen.nl/h-tk-20122013-103-7.html
222,20122013-103-7,1,klever,Mevrouw,0,0,Counter(),[],"Zorgverzekeringswet, Pakketmaatregelen en Ruwaard van Putten ziekenhuis",https://zoek.officielebekendmakingen.nl/h-tk-20122013-103-7.html
223,20122013-103-7,1,voortman,Mevrouw,0,0,Counter(),[],"Zorgverzekeringswet, Pakketmaatregelen en Ruwaard van Putten ziekenhuis",https://zoek.officielebekendmakingen.nl/h-tk-20122013-103-7.html
224,20122013-103-7,1,van der staaij,Mevrouw,0,0,Counter(),[],"Zorgverzekeringswet, Pakketmaatregelen en Ruwaard van Putten ziekenhuis",https://zoek.officielebekendmakingen.nl/h-tk-20122013-103-7.html
225,20122013-103-7,1,wolbert,Mevrouw,1,1,Counter({'leijten': 1}),['leijten'],"Zorgverzekeringswet, Pakketmaatregelen en Ruwaard van Putten ziekenhuis",https://zoek.officielebekendmakingen.nl/h-tk-20122013-103-7.html
226,20122013-103-7,1,bruins slot,Mevrouw,0,0,Counter(),[],"Zorgverzekeringswet, Pakketmaatregelen en Ruwaard van Putten ziekenhuis",https://zoek.officielebekendmakingen.nl/h-tk-20122013-103-7.html
227,20122013-103-7,1,anne mulder,Mevrouw,0,0,Counter(),[],"Zorgverzekeringswet, Pakketmaatregelen en Ruwaard van Putten ziekenhuis",https://zoek.officielebekendmakingen.nl/h-tk-20122013-103-7.html
